3D View,3D Duct & Equipment,00000000-0000-0000-0000-000000000000
3D View,3D Plumbing,00000000-0000-0000-0000-000000000000
3D View,Main Electrical Distribution,00000000-0000-0000-0000-000000000000
3D View,Plumbing Isometric - Domestic Water,00000000-0000-0000-0000-000000000000
3D View,Plumbing Isometric - Sanitary Waste,00000000-0000-0000-0000-000000000000
3D View,Room 53 3D Fire Protection,00000000-0000-0000-0000-000000000000
3D View,Toilet Room,00000000-0000-0000-0000-000000000000
3D View,Typical Make Up Air Isometric Detail,00000000-0000-0000-0000-000000000000
3D View,Typical Room WSHP,00000000-0000-0000-0000-000000000000
3D View,WSHP 2-3 System View,00000000-0000-0000-0000-000000000000
3D View,{3D},00000000-0000-0000-0000-000000000000
,Renombrar,f3f37936-c3c5-4206-ac3d-8de336651629
,Viewpoints,124ac157-bd76-4ff0-a459-91031bc5237d
,Esto,24cfb716-6447-42f3-bc29-b488a2efa3bc
,Esa,fbd167b6-087c-4b7e-b487-f2a04a9042e9
